,Unnamed: 0,name,year,latitude,longitude,city,region,zipCode,cuisine,price,url,michelin_star_count,Name,Population,Median Age,Household Income,Per Capita Income,Poverty Count,Unemployment Count,Unemployment Rate
0,12,Chez TJ,2019,37.39468,-122.08044,South San Francisco,California,94041,Contemporary,$$$$,https://guide.michelin.com/us/en/california/south-san-francisco/restaurant/chez-tj,1,ZCTA5 94041,14572,34.6,139818,81705,815,361,2.477353829
1,13,Protégé,2019,37.427853,-122.14362,South San Francisco,California,94301,Contemporary,$$$,https://guide.michelin.com/us/en/california/south-san-francisco/restaurant/protege,1,ZCTA5 94301,16582,44.9,159148,110423,1153,357,2.15293692
2,14,Madera,2019,37.42014,-122.21151,San Francisco,California,94025,Contemporary,$$$,https://guide.michelin.com/us/en/california/san-francisco/restaurant/madera,1,ZCTA5 94025,43392,38.3,161827,85240,3103,843,1.942754425
3,15,The Village Pub,2019,37.42897,-122.25178,San Francisco,California,94062,Contemporary,$$$,https://guide.michelin.com/us/en/california/san-francisco/restaurant/the-village-pub,1,ZCTA5 94062,28423,45,178480,95838,1885,420,1.47767653
4,16,Plumed Horse,2019,37.25648,-122.03537,South San Francisco,California,95070,Contemporary,$$$$,https://guide.michelin.com/us/en/california/south-san-francisco/restaurant/plumed-horse,1,ZCTA5 95070,31196,50.2,193617,94484,1455,527,1.689319143
5,17,Wakuriya,2019,37.52114,-122.3366,San Francisco,California,94402,Japanese,$$$$,https://guide.michelin.com/us/en/california/san-francisco/restaurant/wakuriya,1,ZCTA5 94402,25703,41.1,169086,83904,985,429,1.669065868
6,18,Sushi Yoshizumi,2019,37.565075,-122.3211,San Francisco,California,94401,Japanese,$$$$,https://guide.michelin.com/us/en/california/san-francisco/restaurant/sushi-yoshizumi,1,ZCTA5 94401,36001,35.7,93850,45453,3960,1090,3.027693675
7,19,Rasa,2019,37.577522,-122.345985,San Francisco,California,94010,Indian,$$,https://guide.michelin.com/us/en/california/san-francisco/restaurant/rasa,1,ZCTA5 94010,42760,41.9,152388,92111,1637,961,2.247427502
8,21,Al's Place,2019,37.748924,-122.42013,San Francisco,California,94110,Californian,$$,https://guide.michelin.com/us/en/california/san-francisco/restaurant/al-s-place,1,ZCTA5 94110,72380,37.3,134592,70038,6239,1631,2.253384913
9,22,Aster,2019,37.755054,-122.423134,San Francisco,California,94110,Californian,$$$,https://guide.michelin.com/us/en/california/san-francisco/restaurant/aster,1,ZCTA5 94110,72380,37.3,134592,70038,6239,1631,2.253384913
10,24,Commonwealth,2019,37.761395,-122.41946,San Francisco,California,94110,Contemporary,$$,https://guide.michelin.com/us/en/california/san-francisco/restaurant/commonwealth,1,ZCTA5 94110,72380,37.3,134592,70038,6239,1631,2.253384913
11,8,Californios,2019,37.75555,-122.417145,San Francisco,California,94110,Mexican,$$$$,https://guide.michelin.com/us/en/california/san-francisco/restaurant/californios,2,ZCTA5 94110,72380,37.3,134592,70038,6239,1631,2.253384913
12,9,Lazy Bear,2019,37.760204,-122.41969,San Francisco,California,94110,Contemporary,$$$$,https://guide.michelin.com/us/en/california/san-francisco/restaurant/lazy-bear,2,ZCTA5 94110,72380,37.3,134592,70038,6239,1631,2.253384913
13,23,Omakase,2019,37.77077,-122.40298,San Francisco,California,94103,Japanese,$$$$,https://guide.michelin.com/us/en/california/san-francisco/restaurant/omakase,1,ZCTA5 94103,30703,36.9,75764,68455,6024,630,2.051916751
14,25,Luce,2019,37.78194,-122.40498,San Francisco,California,94103,Contemporary,$$$,https://guide.michelin.com/us/en/california/san-francisco/restaurant/luce,1,ZCTA5 94103,30703,36.9,75764,68455,6024,630,2.051916751
15,27,In Situ,2019,37.785633,-122.40113,San Francisco,California,94103,International,$$$$,https://guide.michelin.com/us/en/california/san-francisco/restaurant/in-situ,1,ZCTA5 94103,30703,36.9,75764,68455,6024,630,2.051916751
16,29,Hashiri,2019,37.783062,-122.40754,San Francisco,California,94103,Japanese,$$$$,https://guide.michelin.com/us/en/california/san-francisco/restaurant/hashiri,1,ZCTA5 94103,30703,36.9,75764,68455,6024,630,2.051916751
17,28,Mourad,2019,37.78695,-122.39987,San Francisco,California,94105,Moroccan,$$$,https://guide.michelin.com/us/en/california/san-francisco/restaurant/mourad,1,ZCTA5 94105,10916,35.1,213987,142482,764,371,3.398680835
18,2,Benu,2019,37.78521,-122.39876,San Francisco,California,94105,Asian,$$$$,https://guide.michelin.com/us/en/california/san-francisco/restaurant/benu,3,ZCTA5 94105,10916,35.1,213987,142482,764,371,3.398680835
19,31,Rich Table,2019,37.774914,-122.42271,San Francisco,California,94102,Contemporary,$$$,https://guide.michelin.com/us/en/california/san-francisco/restaurant/rich-table,1,ZCTA5 94102,31392,39.2,46372,54318,5788,1263,4.023318043
20,32,Kin Khao,2019,37.785267,-122.40951,San Francisco,California,94102,Thai,$$,https://guide.michelin.com/us/en/california/san-francisco/restaurant/kin-khao,1,ZCTA5 94102,31392,39.2,46372,54318,5788,1263,4.023318043
21,33,Michael Mina,2019,37.79349,-122.399574,San Francisco,California,94102,Contemporary,$$$$,https://guide.michelin.com/us/en/california/san-francisco/restaurant/michael-mina,1,ZCTA5 94102,31392,39.2,46372,54318,5788,1263,4.023318043
22,34,Sons & Daughters,2019,37.79037,-122.40917,San Francisco,California,94108,Contemporary,$$$$,https://guide.michelin.com/us/en/california/san-francisco/restaurant/sons-daughters,1,ZCTA5 94108,14143,42.1,63263,58409,2727,349,2.467651842
23,35,Mister Jiu's,2019,37.79371,-122.406654,San Francisco,California,94108,Chinese,$$$,https://guide.michelin.com/us/en/california/san-francisco/restaurant/mister-jius,1,ZCTA5 94108,14143,42.1,63263,58409,2727,349,2.467651842
24,11,Campton Place,2019,37.78923,-122.40665,San Francisco,California,94108,Indian,$$$$,https://guide.michelin.com/us/en/california/san-francisco/restaurant/campton-place,2,ZCTA5 94108,14143,42.1,63263,58409,2727,349,2.467651842
25,37,jū-ni,2019,37.77672,-122.43886,San Francisco,California,94117,Japanese,$$$$,https://guide.michelin.com/us/en/california/san-francisco/restaurant/ju-ni,1,ZCTA5 94117,44650,33.4,170211,89469,2879,1283,2.873460246
26,38,Keiko à Nob Hill,2019,37.793106,-122.41445,San Francisco,California,94109,Fusion,$$$$,https://guide.michelin.com/us/en/california/san-francisco/restaurant/keiko-a-nob-hill,1,ZCTA5 94109,57302,36.6,94278,86074,6917,1545,2.696240969
27,41,Octavia,2019,37.787857,-122.42709,San Francisco,California,94109,Californian,$$$,https://guide.michelin.com/us/en/california/san-francisco/restaurant/octavia,1,ZCTA5 94109,57302,36.6,94278,86074,6917,1545,2.696240969
28,43,Lord Stanley,2019,37.79592,-122.42208,San Francisco,California,94109,Californian,$$$,https://guide.michelin.com/us/en/california/san-francisco/restaurant/lord-stanley,1,ZCTA5 94109,57302,36.6,94278,86074,6917,1545,2.696240969
29,44,Kinjo,2019,37.79699,-122.422005,San Francisco,California,94109,Japanese,$$$$,https://guide.michelin.com/us/en/california/san-francisco/restaurant/kinjo,1,ZCTA5 94109,57302,36.6,94278,86074,6917,1545,2.696240969
30,46,Gary Danko,2019,37.80599,-122.42066,San Francisco,California,94109,Contemporary,$$$$,https://guide.michelin.com/us/en/california/san-francisco/restaurant/gary-danko,1,ZCTA5 94109,57302,36.6,94278,86074,6917,1545,2.696240969
31,13,Acquerello,2019,37.79167,-122.42131,San Francisco,California,94109,Italian,$$$$,https://guide.michelin.com/us/en/california/san-francisco/restaurant/acquerello,2,ZCTA5 94109,57302,36.6,94278,86074,6917,1545,2.696240969
32,39,The Progress,2019,37.78371,-122.43282,San Francisco,California,94115,Californian,$$$,https://guide.michelin.com/us/en/california/san-francisco/restaurant/the-progress,1,ZCTA5 94115,34604,37,123037,89097,3689,758,2.190498208
33,40,State Bird Provisions,2019,37.783737,-122.43283,San Francisco,California,94115,American,$$,https://guide.michelin.com/us/en/california/san-francisco/restaurant/state-bird-provisions,1,ZCTA5 94115,34604,37,123037,89097,3689,758,2.190498208
34,42,SPQR,2019,37.78732,-122.43375,San Francisco,California,94115,Italian,$$$,https://guide.michelin.com/us/en/california/san-francisco/restaurant/spqr,1,ZCTA5 94115,34604,37,123037,89097,3689,758,2.190498208
35,48,Spruce,2019,37.78772,-122.45264,San Francisco,California,94118,Californian,$$$,https://guide.michelin.com/us/en/california/san-francisco/restaurant/spruce,1,ZCTA5 94118,42095,37.2,121644,78360,3618,1042,2.475353367
36,49,Wako,2019,37.783035,-122.461525,San Francisco,California,94118,Japanese,$$$$,https://guide.michelin.com/us/en/california/san-francisco/restaurant/wako,1,ZCTA5 94118,42095,37.2,121644,78360,3618,1042,2.475353367
37,50,Madcap,2019,37.974712,-122.56168,San Francisco,California,94960,Contemporary,$$$$,https://guide.michelin.com/us/en/california/san-francisco/restaurant/madcap,1,ZCTA5 94960,15868,47.5,133381,78334,489,398,2.508192589
38,51,Aubergine,2019,36.55406,-121.924355,Monterey,California,93921,Contemporary,$$$$,https://guide.michelin.com/us/en/california/monterey/restaurant/aubergine,1,ZCTA5 93921,3316,57.7,98313,68400,53,1,0.030156815
39,52,Kenzo,2019,38.29924,-122.28928,San Francisco,California,94559,Japanese,$$$$,https://guide.michelin.com/us/en/california/san-francisco/restaurant/kenzo,1,ZCTA5 94559,27593,38.5,76961,39414,3013,762,2.761569963
40,53,La Toque,2019,38.30351,-122.28349,San Francisco,California,94573,Contemporary,$$$$,https://guide.michelin.com/us/en/california/san-francisco/restaurant/la-toque,1,ZCTA5 94573,36,29.2,-666666666,45272,0,0,0
41,55,Auberge du Soleil,2019,38.49199,-122.40534,San Francisco,California,94573,Californian,$$$$,https://guide.michelin.com/us/en/california/san-francisco/restaurant/auberge-du-soleil,1,ZCTA5 94573,36,29.2,-666666666,45272,0,0,0
42,54,Bouchon,2019,38.40258,-122.3619,San Francisco,California,94599,French,$$$,https://guide.michelin.com/us/en/california/san-francisco/restaurant/bouchon,1,ZCTA5 94599,3108,64.8,69800,59411,214,63,2.027027027
43,5,The French Laundry,2019,38.40443,-122.36474,San Francisco,California,94599,Contemporary,$$$$,https://guide.michelin.com/us/en/california/san-francisco/restaurant/the-french-laundry,3,ZCTA5 94599,3108,64.8,69800,59411,214,63,2.027027027
44,56,Farmhouse Inn & Restaurant,2019,38.49039,-122.8835,San Francisco,California,95436,Californian,$$$$,https://guide.michelin.com/us/en/california/san-francisco/restaurant/farmhouse-inn-restaurant,1,ZCTA5 95436,6240,50.9,64902,44371,770,193,3.092948718
45,57,The Kitchen,2019,38.58894,-121.41424,Sacramento,California,95825,Contemporary,$$$$,https://guide.michelin.com/us/en/california/us-sacramento/restaurant/the-kitchen559371,1,ZCTA5 95825,37473,32.1,40515,25499,11581,2115,5.644063726
46,58,Madrona Manor,2019,38.60428,-122.88647,San Francisco,California,95448,Contemporary,$$$$,https://guide.michelin.com/us/en/california/san-francisco/restaurant/madrona-manor,1,ZCTA5 95448,17407,49.8,95114,56157,1409,309,1.775147929
47,7,SingleThread,2019,38.612164,-122.869705,San Francisco,California,95448,Contemporary,$$$$,https://guide.michelin.com/us/en/california/san-francisco/restaurant/singlethread,3,ZCTA5 95448,17407,49.8,95114,56157,1409,309,1.775147929
48,60,Shin Sushi,2019,34.15784,-118.49415,Los Angeles,California,91436,Japanese,$$$,https://guide.michelin.com/us/en/california/us-los-angeles/restaurant/shin-sushi,1,ZCTA5 91436,15292,46.7,174085,90603,565,270,1.765629087
49,61,Rustic Canyon,2019,34.024952,-118.49118,Los Angeles,California,90401,Californian,$$$,https://guide.michelin.com/us/en/california/us-los-angeles/restaurant/rustic-canyon,1,ZCTA5 90401,7111,37.2,82681,76874,978,408,5.73758965
50,62,Dialogue,2019,34.01679,-118.49748,Los Angeles,California,90401,Contemporary,$$$$,https://guide.michelin.com/us/en/california/us-los-angeles/restaurant/dialogue,1,ZCTA5 90401,7111,37.2,82681,76874,978,408,5.73758965
51,63,Kato,2019,34.041683,-118.460915,Los Angeles,California,90025,Asian,$$$,https://guide.michelin.com/us/en/california/us-los-angeles/restaurant/kato,1,ZCTA5 90025,46883,34,87280,57137,5431,1364,2.909370134
52,64,CUT,2019,34.067036,-118.401024,Los Angeles,California,90212,Steakhouse,$$$$,https://guide.michelin.com/us/en/california/us-los-angeles/restaurant/cut559418,1,ZCTA5 90212,13314,41.1,95080,71351,1304,422,3.169595914
53,67,Maude,2019,34.064346,-118.39904,Los Angeles,California,90212,Contemporary,$$$$,https://guide.michelin.com/us/en/california/us-los-angeles/restaurant/maude,1,ZCTA5 90212,13314,41.1,95080,71351,1304,422,3.169595914
54,65,Nozawa Bar,2019,34.0683,-118.39849,Los Angeles,California,90210,Japanese,$$$$,https://guide.michelin.com/us/en/california/us-los-angeles/restaurant/nozawa-bar,1,ZCTA5 90210,19314,49.2,147270,117825,1150,435,2.252252252
55,14,Urasawa,2019,34.067352,-118.40067,Los Angeles,California,90210,Japanese,$$$$,https://guide.michelin.com/us/en/california/us-los-angeles/restaurant/urasawa,2,ZCTA5 90210,19314,49.2,147270,117825,1150,435,2.252252252
56,66,Shunji,2019,34.028496,-118.45195,Los Angeles,California,90064,Japanese,$$$$,https://guide.michelin.com/us/en/california/us-los-angeles/restaurant/shunji,1,ZCTA5 90064,25925,40.3,102117,71214,2422,472,1.820636451
57,68,Mori Sushi,2019,34.033398,-118.44229,Los Angeles,California,90064,Japanese,$$$$,https://guide.michelin.com/us/en/california/us-los-angeles/restaurant/mori-sushi,1,ZCTA5 90064,25925,40.3,102117,71214,2422,472,1.820636451
58,69,Trois Mec,2019,34.084255,-118.33851,Los Angeles,California,90028,Contemporary,$$$$,https://guide.michelin.com/us/en/california/us-los-angeles/restaurant/trois-mec,1,ZCTA5 90028,29774,36.3,45499,39513,6192,1665,5.592127359
59,70,Osteria Mozza,2019,34.08342,-118.338974,Los Angeles,California,90028,Italian,$$$,https://guide.michelin.com/us/en/california/us-los-angeles/restaurant/osteria-mozza,1,ZCTA5 90028,29774,36.3,45499,39513,6192,1665,5.592127359
60,71,Kali,2019,34.083443,-118.32455,Los Angeles,California,90028,Californian,$$$,https://guide.michelin.com/us/en/california/us-los-angeles/restaurant/kali,1,ZCTA5 90028,29774,36.3,45499,39513,6192,1665,5.592127359
61,17,Providence,2019,34.083523,-118.33019,Los Angeles,California,90028,Seafood,$$$$,https://guide.michelin.com/us/en/california/us-los-angeles/restaurant/providence,2,ZCTA5 90028,29774,36.3,45499,39513,6192,1665,5.592127359
62,72,Le Comptoir,2019,34.06354,-118.30057,Los Angeles,California,90020,Californian,$$$$,https://guide.michelin.com/us/en/california/us-los-angeles/restaurant/le-comptoir,1,ZCTA5 90020,39189,34.4,49068,33220,6027,1118,2.852841359
63,73,Q Sushi,2019,34.046883,-118.255844,Los Angeles,California,90017,Japanese,$$$$,https://guide.michelin.com/us/en/california/us-los-angeles/restaurant/q-sushi,1,ZCTA5 90017,27723,31.7,35605,27359,9920,874,3.152616961
64,74,Shibumi,2019,34.044155,-118.256134,Los Angeles,California,90014,Japanese,$$$$,https://guide.michelin.com/us/en/california/us-los-angeles/restaurant/shibumi559644,1,ZCTA5 90014,8688,41.7,40641,46007,3294,408,4.696132597
65,75,Hayato,2019,34.03311,-118.24265,Los Angeles,California,90001,Japanese,$$$$,https://guide.michelin.com/us/en/california/us-los-angeles/restaurant/hayato,1,ZCTA5 90001,59832,29.1,43360,13727,15255,2351,3.929335473
66,76,Bistro Na's,2019,34.104412,-118.07159,Los Angeles,California,91780,Chinese,$$,https://guide.michelin.com/us/en/california/us-los-angeles/restaurant/bistro-na-s,1,ZCTA5 91780,35133,42.7,75672,31958,3593,586,1.667947514
67,77,Orsa & Winston,2019,33.92145,-118.275406,Los Angeles,California,90013,Fusion,$$$$,https://guide.michelin.com/us/en/california/us-los-angeles/restaurant/orsa-winston,1,ZCTA5 90013,12559,43.3,22316,41048,5695,640,5.09594713
68,78,Taco María,2019,33.69475,-117.924965,Costa Mesa,California,92626,Mexican,$$$,https://guide.michelin.com/us/en/california/us-costa-mesa/restaurant/taco-maria,1,ZCTA5 92626,50605,35.3,88398,44114,4454,1136,2.244837467
69,79,Hana re,2019,33.67759,-117.886566,Costa Mesa,California,92626,Japanese,$$$$,https://guide.michelin.com/us/en/california/us-costa-mesa/restaurant/hana-re,1,ZCTA5 92626,50605,35.3,88398,44114,4454,1136,2.244837467
70,80,Addison,2019,32.939903,-117.20013,San Diego,California,92130,Contemporary,$$$$,https://guide.michelin.com/us/en/california/us-san-diego/restaurant/addison,1,ZCTA5 92130,56134,39,155452,71263,2964,1384,2.465528913
71,81,Parachute,2019,41.94483,-87.70638,Chicago,Chicago,60618,Fusion,$$,https://guide.michelin.com/us/en/illinois/chicago/restaurant/parachute,1,ZCTA5 60618,94907,34.4,78704,43819,9748,2002,2.109433445
72,84,EL Ideas,2019,41.863,-87.68686,Chicago,Chicago,60618,Contemporary,$$$$,https://guide.michelin.com/us/en/illinois/chicago/restaurant/el-ideas,1,ZCTA5 60618,94907,34.4,78704,43819,9748,2002,2.109433445
73,82,Goosefoot,2019,41.96856,-87.69596,Chicago,Chicago,60625,Contemporary,$$$$,https://guide.michelin.com/us/en/illinois/chicago/restaurant/goosefoot,1,ZCTA5 60625,79444,34.9,68770,36668,10382,2343,2.949247269
74,83,Elizabeth,2019,41.969555,-87.688736,Chicago,Chicago,60625,Contemporary,$$$$,https://guide.michelin.com/us/en/illinois/chicago/restaurant/elizabeth,1,ZCTA5 60625,79444,34.9,68770,36668,10382,2343,2.949247269
75,85,Band of Bohemia,2019,41.967308,-87.67477,Chicago,Chicago,60640,Gastropub,$$$,https://guide.michelin.com/us/en/illinois/chicago/restaurant/band-of-bohemia,1,ZCTA5 60640,69363,36.8,57221,43450,12879,1852,2.670011389
76,88,Entente,2019,41.93721,-87.6652,Chicago,Chicago,60657,Contemporary,$$$,https://guide.michelin.com/us/en/illinois/chicago/restaurant/entente,1,ZCTA5 60657,70958,31.2,95173,76546,5294,1566,2.206939316
77,89,Elske,2019,41.884426,-87.66071,Chicago,Chicago,60607,Contemporary,$$$$,https://guide.michelin.com/us/en/illinois/chicago/restaurant/elske,1,ZCTA5 60607,29293,30.2,102726,61178,5417,1243,4.243334585
78,91,Roister,2019,41.886658,-87.65187,Chicago,Chicago,60607,Contemporary,$$$,https://guide.michelin.com/us/en/illinois/chicago/restaurant/roister,1,ZCTA5 60607,29293,30.2,102726,61178,5417,1243,4.243334585
79,20,Smyth,2019,41.885,-87.660736,Chicago,Chicago,60607,Contemporary,$$$$,https://guide.michelin.com/us/en/illinois/chicago/restaurant/smyth,2,ZCTA5 60607,29293,30.2,102726,61178,5417,1243,4.243334585
80,90,Dusek's (Board & Beer),2019,41.857853,-87.65757,Chicago,Chicago,60608,Gastropub,$$,https://guide.michelin.com/us/en/illinois/chicago/restaurant/dusek-s-board-beer,1,ZCTA5 60608,80059,32.6,50133,23525,13468,2629,3.283828177
81,92,Boka,2019,41.91363,-87.64806,Chicago,Chicago,60614,Contemporary,$$$,https://guide.michelin.com/us/en/illinois/chicago/restaurant/boka,1,ZCTA5 60614,71954,30.5,117138,88058,5614,1269,1.763626762
82,95,North Pond,2019,41.9296,-87.63762,Chicago,Chicago,60614,Contemporary,$$$,https://guide.michelin.com/us/en/illinois/chicago/restaurant/north-pond,1,ZCTA5 60614,71954,30.5,117138,88058,5614,1269,1.763626762
83,8,Alinea,2019,41.91328,-87.64798,Chicago,Chicago,60614,Contemporary,$$$$,https://guide.michelin.com/us/en/illinois/chicago/restaurant/alinea,3,ZCTA5 60614,71954,30.5,117138,88058,5614,1269,1.763626762
84,93,Blackbird,2019,41.88423,-87.64356,Chicago,Chicago,60661,Contemporary,$$$,https://guide.michelin.com/us/en/illinois/chicago/restaurant/blackbird,1,ZCTA5 60661,10354,31.5,120000,90602,864,120,1.158972378
85,94,Sepia,2019,41.88394,-87.64247,Chicago,Chicago,60661,American,$$$,https://guide.michelin.com/us/en/illinois/chicago/restaurant/sepia,1,ZCTA5 60661,10354,31.5,120000,90602,864,120,1.158972378
86,21,Oriole,2019,41.886196,-87.64513,Chicago,Chicago,60661,Contemporary,$$$$,https://guide.michelin.com/us/en/illinois/chicago/restaurant/oriole,2,ZCTA5 60661,10354,31.5,120000,90602,864,120,1.158972378
87,96,Everest,2019,41.87597,-87.63212,Chicago,Chicago,60605,French,$$$$,https://guide.michelin.com/us/en/illinois/chicago/restaurant/everest,1,ZCTA5 60605,29060,33.6,111438,81496,2322,632,2.174810736
88,97,Topolobampo,2019,41.89047,-87.63085,Chicago,Chicago,60654,Mexican,$$$$,https://guide.michelin.com/us/en/illinois/chicago/restaurant/topolobampo,1,ZCTA5 60654,20022,33.2,122492,113241,1411,325,1.623214464
89,98,Spiaggia,2019,41.90062,-87.62457,Chicago,Chicago,60611,Italian,$$$$,https://guide.michelin.com/us/en/illinois/chicago/restaurant/spiaggia,1,ZCTA5 60611,33224,38.9,106906,110762,3497,665,2.001565134
90,204,Del Posto,2019,40.74327,-74.0077,New York,New York City,10011,Italian,$$$$,https://guide.michelin.com/us/en/new-york-state/new-york/restaurant/del-posto,1,ZCTA5 10011,49949,41.4,138272,129365,4844,1260,2.522573024
91,211,Kosaka,2019,40.738316,-74.00137,New York,New York City,10011,Japanese,$$$$,https://guide.michelin.com/us/en/new-york-state/new-york/restaurant/kosaka,1,ZCTA5 10011,49949,41.4,138272,129365,4844,1260,2.522573024
92,214,Blue Hill,2019,40.7321,-73.9996,New York,New York City,10011,American,$$$$,https://guide.michelin.com/us/en/new-york-state/new-york/restaurant/blue-hill,1,ZCTA5 10011,49949,41.4,138272,129365,4844,1260,2.522573024
93,216,Babbo,2019,40.73233,-73.99916,New York,New York City,10011,Italian,$$$$,https://guide.michelin.com/us/en/new-york-state/new-york/restaurant/babbo,1,ZCTA5 10011,49949,41.4,138272,129365,4844,1260,2.522573024
94,219,Aldea,2019,40.73885,-73.99366,New York,New York City,10011,Mediterranean,$$$$,https://guide.michelin.com/us/en/new-york-state/new-york/restaurant/aldea,1,ZCTA5 10011,49949,41.4,138272,129365,4844,1260,2.522573024
95,208,Wallsé,2019,40.73538,-74.00814,New York,New York City,10014,Austrian,$$$$,https://guide.michelin.com/us/en/new-york-state/new-york/restaurant/wallse,1,ZCTA5 10014,30344,37.6,133501,128505,1735,1105,3.641576588
96,209,Jeju Noodle Bar,2019,40.732952,-74.00744,New York,New York City,10014,Korean,$$,https://guide.michelin.com/us/en/new-york-state/new-york/restaurant/jeju-noodle-bar,1,ZCTA5 10014,30344,37.6,133501,128505,1735,1105,3.641576588
97,210,Sushi Nakazawa,2019,40.731716,-74.00451,New York,New York City,10014,Japanese,$$$$,https://guide.michelin.com/us/en/new-york-state/new-york/restaurant/sushi-nakazawa,1,ZCTA5 10014,30344,37.6,133501,128505,1735,1105,3.641576588
98,212,Bâtard,2019,40.719616,-74.00589,New York,New York City,10013,Contemporary,$$$$,https://guide.michelin.com/us/en/new-york-state/new-york/restaurant/batard,1,ZCTA5 10013,28799,37.9,113191,118691,2890,534,1.85423105
99,218,Le Coucou,2019,40.719162,-74.00001,New York,New York City,10013,French,$$$,https://guide.michelin.com/us/en/new-york-state/new-york/restaurant/le-coucou,1,ZCTA5 10013,28799,37.9,113191,118691,2890,534,1.85423105
100,48,Jungsik,2019,40.718685,-74.00911,New York,New York City,10013,Korean,$$$$,https://guide.michelin.com/us/en/new-york-state/new-york/restaurant/jungsik,2,ZCTA5 10013,28799,37.9,113191,118691,2890,534,1.85423105
101,49,Atera,2019,40.716797,-74.00565,New York,New York City,10013,Contemporary,$$$$,https://guide.michelin.com/us/en/new-york-state/new-york/restaurant/atera,2,ZCTA5 10013,28799,37.9,113191,118691,2890,534,1.85423105
102,213,Hirohisa,2019,40.72452,-74.003006,New York,New York City,10012,Japanese,$$$,https://guide.michelin.com/us/en/new-york-state/new-york/restaurant/hirohisa,1,ZCTA5 10012,23318,34.1,106467,90847,2451,606,2.598850673
103,215,ZZ's Clam Bar,2019,40.727646,-74.00046,New York,New York City,10012,Seafood,$$$$,https://guide.michelin.com/us/en/new-york-state/new-york/restaurant/zz-s-clam-bar,1,ZCTA5 10012,23318,34.1,106467,90847,2451,606,2.598850673
104,226,The Musket Room,2019,40.723915,-73.99375,New York,New York City,10012,Contemporary,$$$,https://guide.michelin.com/us/en/new-york-state/new-york/restaurant/the-musket-room,1,ZCTA5 10012,23318,34.1,106467,90847,2451,606,2.598850673
105,227,Uncle Boons,2019,40.721203,-73.99441,New York,New York City,10012,Thai,$$,https://guide.michelin.com/us/en/new-york-state/new-york/restaurant/uncle-boons,1,ZCTA5 10012,23318,34.1,106467,90847,2451,606,2.598850673
106,217,Carbone,2019,40.727966,-74.00017,New York,New York City,10003,Italian,$$$$,https://guide.michelin.com/us/en/new-york-state/new-york/restaurant/carbone,1,ZCTA5 10003,53977,32.5,118161,97391,4081,1604,2.971636067
107,222,Gotham Bar and Grill,2019,40.73417,-73.99379,New York,New York City,10003,American,$$$$,https://guide.michelin.com/us/en/new-york-state/new-york/restaurant/gotham-bar-and-grill,1,ZCTA5 10003,53977,32.5,118161,97391,4081,1604,2.971636067
108,223,Nix,2019,40.733166,-73.993515,New York,New York City,10003,Vegetarian,$$$,https://guide.michelin.com/us/en/new-york-state/new-york/restaurant/nix,1,ZCTA5 10003,53977,32.5,118161,97391,4081,1604,2.971636067
109,229,Gramercy Tavern,2019,40.73849,-73.98868,New York,New York City,10003,Contemporary,$$$$,https://guide.michelin.com/us/en/new-york-state/new-york/restaurant/gramercy-tavern,1,ZCTA5 10003,53977,32.5,118161,97391,4081,1604,2.971636067
110,232,Casa Mono,2019,40.73595,-73.98706,New York,New York City,10003,Spanish,$$$,https://guide.michelin.com/us/en/new-york-state/new-york/restaurant/casa-mono,1,ZCTA5 10003,53977,32.5,118161,97391,4081,1604,2.971636067
111,233,Jewel Bako,2019,40.72713,-73.98928,New York,New York City,10003,Japanese,$$$,https://guide.michelin.com/us/en/new-york-state/new-york/restaurant/jewel-bako,1,ZCTA5 10003,53977,32.5,118161,97391,4081,1604,2.971636067
112,237,Kanoyama,2019,40.73071,-73.98655,New York,New York City,10003,Japanese,$$$,https://guide.michelin.com/us/en/new-york-state/new-york/restaurant/kanoyama,1,ZCTA5 10003,53977,32.5,118161,97391,4081,1604,2.971636067
113,55,Ko,2019,40.72909,-73.98448,New York,New York City,10003,Contemporary,$$$$,https://guide.michelin.com/us/en/new-york-state/new-york/restaurant/ko,2,ZCTA5 10003,53977,32.5,118161,97391,4081,1604,2.971636067
114,220,Cote,2019,40.73778,-73.99375,New York,New York City,10010,Korean,$$$,https://guide.michelin.com/us/en/new-york-state/new-york/restaurant/cote,1,ZCTA5 10010,35906,35.2,132988,102396,3610,808,2.250320281
115,224,Junoon,2019,40.74325,-73.99077,New York,New York City,10010,Indian,$$$$,https://guide.michelin.com/us/en/new-york-state/new-york/restaurant/junoon,1,ZCTA5 10010,35906,35.2,132988,102396,3610,808,2.250320281
116,230,The Clocktower,2019,40.7414,-73.987595,New York,New York City,10010,Contemporary,$$$,https://guide.michelin.com/us/en/new-york-state/new-york/restaurant/the-clocktower,1,ZCTA5 10010,35906,35.2,132988,102396,3610,808,2.250320281
117,24,Eleven Madison Park,2019,40.7417,-73.98712,New York,New York City,10010,Contemporary,$$$$,https://guide.michelin.com/us/en/new-york-state/new-york/restaurant/eleven-madison-park,3,ZCTA5 10010,35906,35.2,132988,102396,3610,808,2.250320281
118,225,NoMad,2019,40.74497,-73.98883,New York,New York City,10001,Contemporary,$$$$,https://guide.michelin.com/us/en/new-york-state/new-york/restaurant/nomad,1,ZCTA5 10001,24117,36.9,92840,88795,3023,806,3.342040884
119,231,Ai Fiori,2019,40.75013,-73.98357,New York,New York City,10018,Italian,$$$$,https://guide.michelin.com/us/en/new-york-state/new-york/restaurant/ai-fiori,1,ZCTA5 10018,8806,33.2,122484,96607,1245,227,2.577787872
120,25,Chef's Table at Brooklyn Fare,2019,40.68872,-73.98581,New York,New York City,10018,Contemporary,$$$$,https://guide.michelin.com/us/en/new-york-state/new-york/restaurant/chef-s-table-at-brooklyn-fare,3,ZCTA5 10018,8806,33.2,122484,96607,1245,227,2.577787872
121,234,The River Café,2019,40.703613,-73.994774,New York,New York City,11201,Contemporary,$$$$,https://guide.michelin.com/us/en/new-york-state/new-york/restaurant/the-river-cafe,1,ZCTA5 11201,63378,34.9,129248,84901,7391,2239,3.532771624
122,235,Bar Uchū,2019,40.72191,-73.99003,New York,New York City,10002,Japanese,$$$$,https://guide.michelin.com/us/en/new-york-state/new-york/restaurant/bar-uchu,1,ZCTA5 10002,74479,44.3,36982,33309,20199,2217,2.97667799
123,238,Contra,2019,40.719917,-73.98922,New York,New York City,10002,Contemporary,$$$$,https://guide.michelin.com/us/en/new-york-state/new-york/restaurant/contra,1,ZCTA5 10002,74479,44.3,36982,33309,20199,2217,2.97667799
124,53,Ichimura at Uchū,2019,40.721832,-73.99012,New York,New York City,10002,Japanese,$$$$,https://guide.michelin.com/us/en/new-york-state/new-york/restaurant/ichimura-at-uchu,2,ZCTA5 10002,74479,44.3,36982,33309,20199,2217,2.97667799
125,236,Café China,2019,40.749973,-73.98228,New York,New York City,10016,Chinese,$$,https://guide.michelin.com/us/en/new-york-state/new-york/restaurant/cafe-china,1,ZCTA5 10016,52886,32.7,126628,103036,4232,1149,2.172597663
126,241,Kajitsu,2019,40.72776,-73.98428,New York,New York City,10016,Japanese,$$$,https://guide.michelin.com/us/en/new-york-state/new-york/restaurant/kajitsu,1,ZCTA5 10016,52886,32.7,126628,103036,4232,1149,2.172597663
127,240,Kyo Ya,2019,40.7266,-73.98526,New York,New York City,10009,Japanese,$$$,https://guide.michelin.com/us/en/new-york-state/new-york/restaurant/kyo-ya,1,ZCTA5 10009,58293,37,63717,53122,13706,1341,2.300447738
128,244,Tuome,2019,40.724194,-73.9828,New York,New York City,10009,Fusion,$$,https://guide.michelin.com/us/en/new-york-state/new-york/restaurant/tuome,1,ZCTA5 10009,58293,37,63717,53122,13706,1341,2.300447738
129,242,Agern,2019,40.75234,-73.9775,New York,New York City,10017,Scandinavian,$$$$,https://guide.michelin.com/us/en/new-york-state/new-york/restaurant/agern,1,ZCTA5 10017,15846,39.6,131045,110196,1028,329,2.07623375
130,246,Sushi Yasuda,2019,40.75108,-73.97364,New York,New York City,10017,Japanese,$$$$,https://guide.michelin.com/us/en/new-york-state/new-york/restaurant/sushi-yasuda,1,ZCTA5 10017,15846,39.6,131045,110196,1028,329,2.07623375
131,247,Sushi Amane,2019,40.75133,-73.971725,New York,New York City,10017,Japanese,$$$$,https://guide.michelin.com/us/en/new-york-state/new-york/restaurant/sushi-amane,1,ZCTA5 10017,15846,39.6,131045,110196,1028,329,2.07623375
132,54,Sushi Ginza Onodera,2019,40.752396,-73.981575,New York,New York City,10017,Japanese,$$$$,https://guide.michelin.com/us/en/new-york-state/new-york/restaurant/sushi-ginza-onodera,2,ZCTA5 10017,15846,39.6,131045,110196,1028,329,2.07623375
133,243,Caviar Russe,2019,40.760685,-73.97355,New York,New York City,10022,Contemporary,$$$$,https://guide.michelin.com/us/en/new-york-state/new-york/restaurant/caviar-russe,1,ZCTA5 10022,31130,46.2,150718,150508,1220,454,1.458400257
134,57,Aquavit,2019,40.76078,-73.97214,New York,New York City,10022,Scandinavian,$$$$,https://guide.michelin.com/us/en/new-york-state/new-york/restaurant/aquavit,2,ZCTA5 10022,31130,46.2,150718,150508,1220,454,1.458400257
135,248,Café Boulud,2019,40.77439,-73.96414,New York,New York City,10021,French,$$$$,https://guide.michelin.com/us/en/new-york-state/new-york/restaurant/cafe-boulud,1,ZCTA5 10021,44280,43.5,122169,124178,2279,453,1.02303523
136,250,Satsuki,2019,40.801243,-73.95187,New York,New York City,10036,Japanese,$$$$,https://guide.michelin.com/us/en/new-york-state/new-york/restaurant/satsuki,1,ZCTA5 10036,28487,37.6,95301,82913,4076,797,2.797767403
137,52,Gabriel Kreuther,2019,40.75397,-73.982025,New York,New York City,10036,Contemporary,$$$$,https://guide.michelin.com/us/en/new-york-state/new-york/restaurant/gabriel-kreuther,2,ZCTA5 10036,28487,37.6,95301,82913,4076,797,2.797767403
138,252,Sushi Inoue,2019,40.810448,-73.943726,New York,New York City,10027,Japanese,$$$$,https://guide.michelin.com/us/en/new-york-state/new-york/restaurant/sushi-inoue,1,ZCTA5 10027,64988,31.1,51938,34604,14686,1856,2.855911861
139,253,Meadowsweet,2019,40.710354,-73.96317,New York,New York City,11212,Mediterranean,$$$,https://guide.michelin.com/us/en/new-york-state/new-york/restaurant/meadowsweet,1,ZCTA5 11212,75605,38.3,26521,19569,25556,5058,6.690033728
140,254,Casa Enríque,2019,40.743492,-73.95425,New York,New York City,11101,Mexican,$$,https://guide.michelin.com/us/en/new-york-state/new-york/restaurant/casa-enrique,1,ZCTA5 11101,31366,34,75581,51645,5216,1287,4.103169037
141,255,Peter Luger,2019,40.70986,-73.96263,New York,New York City,11211,Steakhouse,$$$$,https://guide.michelin.com/us/en/new-york-state/new-york/restaurant/peter-luger,1,ZCTA5 11211,103123,31,81228,47605,25885,2696,2.614353733
142,256,Oxomoco,2019,40.730057,-73.95538,New York,New York City,11222,Mexican,$$$,https://guide.michelin.com/us/en/new-york-state/new-york/restaurant/oxomoco,1,ZCTA5 11222,36872,34.9,93488,56373,3741,898,2.435452376
143,257,The Finch,2019,40.68704,-73.96297,New York,New York City,11238,American,$$$,https://guide.michelin.com/us/en/new-york-state/new-york/restaurant/the-finch,1,ZCTA5 11238,55210,36.1,91846,58414,6498,1805,3.269335265
144,258,Faro,2019,40.707584,-73.923035,New York,New York City,11237,American,$$,https://guide.michelin.com/us/en/new-york-state/new-york/restaurant/faro,1,ZCTA5 11237,48876,30.7,53303,25990,14135,1526,3.122186758
145,398,Blue Duck Tavern,2019,38.905373,-77.05128,"Washington, D.C.",Washington DC,20037,American,$$$,https://guide.michelin.com/us/en/washington/washington-dc/restaurant/blue-duck-tavern,1,ZCTA5 20037,15179,26,88170,58528,2423,382,2.516634824
146,399,Tail Up Goat,2019,38.9235,-77.043274,"Washington, D.C.",Washington DC,20009,Contemporary,$$,https://guide.michelin.com/us/en/washington/washington-dc/restaurant/tail-up-goat,1,ZCTA5 20009,52338,33.6,109923,81274,5001,1421,2.715044518
147,400,Komi,2019,38.910107,-77.03836,"Washington, D.C.",Washington DC,20036,Mediterranean,$$$$,https://guide.michelin.com/us/en/washington/washington-dc/restaurant/komi,1,ZCTA5 20036,5455,33.7,96771,83995,764,62,1.136571952
148,401,Sushi Taro,2019,38.909992,-77.03834,"Washington, D.C.",Washington DC,20036,Japanese,$$$$,https://guide.michelin.com/us/en/washington/washington-dc/restaurant/sushi-taro,1,ZCTA5 20036,5455,33.7,96771,83995,764,62,1.136571952
149,402,Plume,2019,38.906,-77.03671,"Washington, D.C.",Washington DC,20036,European,$$$$,https://guide.michelin.com/us/en/washington/washington-dc/restaurant/plume,1,ZCTA5 20036,5455,33.7,96771,83995,764,62,1.136571952
150,403,Siren by RW,2019,38.907776,-77.035446,"Washington, D.C.",Washington DC,20005,Seafood,$$$,https://guide.michelin.com/us/en/washington/washington-dc/restaurant/siren-by-rw,1,ZCTA5 20005,12347,34.2,93956,80203,1478,303,2.454037418
151,405,The Dabney,2019,38.906292,-77.024666,"Washington, D.C.",Washington DC,20001,American,$$,https://guide.michelin.com/us/en/washington/washington-dc/restaurant/the-dabney,1,ZCTA5 20001,47748,31.8,116195,66255,6446,1580,3.309039122
152,406,Métier,2019,38.903503,-77.0218,"Washington, D.C.",Washington DC,20001,Contemporary,$$$$,https://guide.michelin.com/us/en/washington/washington-dc/restaurant/metier,1,ZCTA5 20001,47748,31.8,116195,66255,6446,1580,3.309039122
153,407,Kinship,2019,38.903282,-77.0218,"Washington, D.C.",Washington DC,20001,Contemporary,$$$,https://guide.michelin.com/us/en/washington/washington-dc/restaurant/kinship,1,ZCTA5 20001,47748,31.8,116195,66255,6446,1580,3.309039122
154,408,Fiola,2019,38.89416,-77.02032,"Washington, D.C.",Washington DC,20004,Italian,$$$$,https://guide.michelin.com/us/en/washington/washington-dc/restaurant/fiola,1,ZCTA5 20004,1923,41.9,146822,121795,108,47,2.444097764
155,89,minibar,2019,38.896294,-77.02386,"Washington, D.C.",Washington DC,20004,Contemporary,$$$$,https://guide.michelin.com/us/en/washington/washington-dc/restaurant/minibar,2,ZCTA5 20004,1923,41.9,146822,121795,108,47,2.444097764
156,409,Masseria,2019,38.909504,-76.99908,"Washington, D.C.",Washington DC,20002,Italian,$$$,https://guide.michelin.com/us/en/washington/washington-dc/restaurant/masseria,1,ZCTA5 20002,67750,33.4,90424,54968,9683,2396,3.536531365
157,410,Rose's Luxury,2019,38.88064,-76.99515,"Washington, D.C.",Washington DC,20003,Contemporary,$$,https://guide.michelin.com/us/en/washington/washington-dc/restaurant/rose-s-luxury,1,ZCTA5 20003,32675,33.9,134438,72399,2944,939,2.873756695
158,90,Pineapple and Pearls,2019,38.880707,-76.99514,"Washington, D.C.",Washington DC,20003,Contemporary,$$$$,https://guide.michelin.com/us/en/washington/washington-dc/restaurant/pineapple-and-pearls,2,ZCTA5 20003,32675,33.9,134438,72399,2944,939,2.873756695
159,6,Baumé,2019,37.4285,-122.14272,South San Francisco,California,94306,Contemporary,$$$$,https://guide.michelin.com/us/en/california/south-san-francisco/restaurant/baume,2,ZCTA5 94306,27435,41.2,143606,81599,1737,389,1.417896847
160,7,Commis,2019,37.82476,-122.25505,San Francisco,California,94601,Contemporary,$$$$,https://guide.michelin.com/us/en/california/san-francisco/restaurant/commis,2,ZCTA5 94601,53039,33.3,50122,22267,14077,2199,4.146005769
161,10,Saison,2019,37.76327,-122.41543,San Francisco,California,94107,Californian,$$$$,https://guide.michelin.com/us/en/california/san-francisco/restaurant/saison,2,ZCTA5 94107,31461,35.3,166985,97478,3188,669,2.126442262
162,12,Coi,2019,37.79812,-122.40331,San Francisco,California,94133,Contemporary,$$$$,https://guide.michelin.com/us/en/california/san-francisco/restaurant/coi,2,ZCTA5 94133,26796,42.5,69756,63870,3587,919,3.429616361
163,3,Quince,2019,37.79762,-122.40337,San Francisco,California,94133,Contemporary,$$$$,https://guide.michelin.com/us/en/california/san-francisco/restaurant/quince,3,ZCTA5 94133,26796,42.5,69756,63870,3587,919,3.429616361
164,16,Somni,2019,34.070095,-118.37649,Los Angeles,California,90048,Contemporary,$$$$,https://guide.michelin.com/us/en/california/us-los-angeles/restaurant/somni,2,ZCTA5 90048,21489,37.7,100586,81692,1641,757,3.522732561
165,18,n/naka,2019,34.02526,-118.41206,Los Angeles,California,90034,Contemporary,$$$$,https://guide.michelin.com/us/en/california/us-los-angeles/restaurant/n-naka,2,ZCTA5 90034,53861,34,75714,48244,5247,1694,3.145132842
166,19,Vespertine,2019,34.024204,-118.38166,Los Angeles,California,90232,Contemporary,$$$$,https://guide.michelin.com/us/en/california/us-los-angeles/restaurant/vespertine,2,ZCTA5 90232,14780,40.4,90467,58630,987,333,2.253044655
167,22,Acadia,2019,41.85904,-87.62562,Chicago,Chicago,60616,Contemporary,$$$$,https://guide.michelin.com/us/en/illinois/chicago/restaurant/acadia,2,ZCTA5 60616,54197,38,52162,37434,11916,1574,2.904219791
168,50,Jean-Georges,2019,40.76907,-73.98155,New York,New York City,10023,Contemporary,$$$$,https://guide.michelin.com/us/en/new-york-state/new-york/restaurant/jean-georges,2,ZCTA5 10023,62541,43.3,132605,126937,4853,1440,2.302489567
169,51,Marea,2019,40.76749,-73.98114,New York,New York City,10019,Seafood,$$$$,https://guide.michelin.com/us/en/new-york-state/new-york/restaurant/marea,2,ZCTA5 10019,45498,38.3,103792,106885,5799,1659,3.646314124
170,56,The Modern,2019,40.76106,-73.97628,New York,New York City,10019,Contemporary,$$$$,https://guide.michelin.com/us/en/new-york-state/new-york/restaurant/the-modern,2,ZCTA5 10019,45498,38.3,103792,106885,5799,1659,3.646314124
171,21,Masa,2019,40.76855,-73.98335,New York,New York City,10019,Japanese,$$$$,https://guide.michelin.com/us/en/new-york-state/new-york/restaurant/masa,3,ZCTA5 10019,45498,38.3,103792,106885,5799,1659,3.646314124
172,22,Per Se,2019,40.76828,-73.98292,New York,New York City,10019,Contemporary,$$$$,https://guide.michelin.com/us/en/new-york-state/new-york/restaurant/per-se,3,ZCTA5 10019,45498,38.3,103792,106885,5799,1659,3.646314124
173,23,Le Bernardin,2019,40.76177,-73.98223,New York,New York City,10019,Seafood,$$$$,https://guide.michelin.com/us/en/new-york-state/new-york/restaurant/le-bernardin,3,ZCTA5 10019,45498,38.3,103792,106885,5799,1659,3.646314124
174,58,Daniel,2019,40.7666,-73.96745,New York,New York City,10065,French,$$$$,https://guide.michelin.com/us/en/new-york-state/new-york/restaurant/daniel,2,ZCTA5 10065,29530,38.9,148441,137455,1727,425,1.439214358
175,60,Blanca,2019,40.70492,-73.93354,New York,New York City,11206,Contemporary,$$$$,https://guide.michelin.com/us/en/new-york-state/new-york/restaurant/blanca,2,ZCTA5 11206,88422,29.3,39753,23607,30756,3477,3.932279297
176,1,Manresa,2019,37.22761,-121.98071,South San Francisco,California,95030,Contemporary,$$$$,https://guide.michelin.com/us/en/california/south-san-francisco/restaurant/manresa,3,ZCTA5 95030,13481,50,209563,119258,436,285,2.114086492
177,4,Atelier Crenn,2019,37.79835,-122.43586,San Francisco,California,94123,Contemporary,$$$$,https://guide.michelin.com/us/en/california/san-francisco/restaurant/atelier-crenn,3,ZCTA5 94123,25890,34,162206,123576,1115,533,2.058709927
178,6,The Restaurant at Meadowood,2019,38.52025,-122.46479,San Francisco,California,94574,Contemporary,$$$$,https://guide.michelin.com/us/en/california/san-francisco/restaurant/the-restaurant-at-meadowood,3,ZCTA5 94574,8757,51.1,93587,73858,711,193,2.203951125
179,30,The Inn at Little Washington,2019,38.713623,-78.16208,"Washington, D.C.",Washington DC,22747,American,$$$$,https://guide.michelin.com/us/en/washington/washington-dc/restaurant/the-inn-at-little-washington,3,ZCTA5 22747,1367,55.1,74569,46994,41,0,0
