,Unnamed: 0,name,year,latitude,longitude,city,region,zipCode,cuisine,price,url,michelin_star_count,one_or_more_stars
12,12,Chez TJ,2019,37.39468,-122.08044,South San Francisco,California,94041,Contemporary,$$$$,https://guide.michelin.com/us/en/california/south-san-francisco/restaurant/chez-tj,1,1
13,13,Protégé,2019,37.427853,-122.14362,South San Francisco,California,94301,Contemporary,$$$,https://guide.michelin.com/us/en/california/south-san-francisco/restaurant/protege,1,1
14,14,Madera,2019,37.42014,-122.21151,San Francisco,California,94025,Contemporary,$$$,https://guide.michelin.com/us/en/california/san-francisco/restaurant/madera,1,1
15,15,The Village Pub,2019,37.42897,-122.25178,San Francisco,California,94062,Contemporary,$$$,https://guide.michelin.com/us/en/california/san-francisco/restaurant/the-village-pub,1,1
16,16,Plumed Horse,2019,37.25648,-122.03537,South San Francisco,California,95070,Contemporary,$$$$,https://guide.michelin.com/us/en/california/south-san-francisco/restaurant/plumed-horse,1,1
17,17,Wakuriya,2019,37.52114,-122.3366,San Francisco,California,94402,Japanese,$$$$,https://guide.michelin.com/us/en/california/san-francisco/restaurant/wakuriya,1,1
18,18,Sushi Yoshizumi,2019,37.565075,-122.3211,San Francisco,California,94401,Japanese,$$$$,https://guide.michelin.com/us/en/california/san-francisco/restaurant/sushi-yoshizumi,1,1
19,19,Rasa,2019,37.577522,-122.345985,San Francisco,California,94010,Indian,$$,https://guide.michelin.com/us/en/california/san-francisco/restaurant/rasa,1,1
20,20,Maum,2019,37.72669,-122.414215,South San Francisco,California,94101,Korean,$$$$,https://guide.michelin.com/us/en/california/south-san-francisco/restaurant/maum,1,1
21,21,Al's Place,2019,37.748924,-122.42013,San Francisco,California,94110,Californian,$$,https://guide.michelin.com/us/en/california/san-francisco/restaurant/al-s-place,1,1
22,22,Aster,2019,37.755054,-122.423134,San Francisco,California,94110,Californian,$$$,https://guide.michelin.com/us/en/california/san-francisco/restaurant/aster,1,1
23,23,Omakase,2019,37.77077,-122.40298,San Francisco,California,94103,Japanese,$$$$,https://guide.michelin.com/us/en/california/san-francisco/restaurant/omakase,1,1
24,24,Commonwealth,2019,37.761395,-122.41946,San Francisco,California,94110,Contemporary,$$,https://guide.michelin.com/us/en/california/san-francisco/restaurant/commonwealth,1,1
25,25,Luce,2019,37.78194,-122.40498,San Francisco,California,94103,Contemporary,$$$,https://guide.michelin.com/us/en/california/san-francisco/restaurant/luce,1,1
26,26,Birdsong,2019,37.779495,-122.41048,San Francisco,California,94101,American,$$$$,https://guide.michelin.com/us/en/california/san-francisco/restaurant/birdsong,1,1
27,27,In Situ,2019,37.785633,-122.40113,San Francisco,California,94103,International,$$$$,https://guide.michelin.com/us/en/california/san-francisco/restaurant/in-situ,1,1
28,28,Mourad,2019,37.78695,-122.39987,San Francisco,California,94105,Moroccan,$$$,https://guide.michelin.com/us/en/california/san-francisco/restaurant/mourad,1,1
29,29,Hashiri,2019,37.783062,-122.40754,San Francisco,California,94103,Japanese,$$$$,https://guide.michelin.com/us/en/california/san-francisco/restaurant/hashiri,1,1
30,30,Angler,2019,37.793167,-122.39213,San Francisco,California,94101,Contemporary,$$$$,https://guide.michelin.com/us/en/california/san-francisco/restaurant/angler,1,1
31,31,Rich Table,2019,37.774914,-122.42271,San Francisco,California,94102,Contemporary,$$$,https://guide.michelin.com/us/en/california/san-francisco/restaurant/rich-table,1,1
32,32,Kin Khao,2019,37.785267,-122.40951,San Francisco,California,94102,Thai,$$,https://guide.michelin.com/us/en/california/san-francisco/restaurant/kin-khao,1,1
33,33,Michael Mina,2019,37.79349,-122.399574,San Francisco,California,94102,Contemporary,$$$$,https://guide.michelin.com/us/en/california/san-francisco/restaurant/michael-mina,1,1
34,34,Sons & Daughters,2019,37.79037,-122.40917,San Francisco,California,94108,Contemporary,$$$$,https://guide.michelin.com/us/en/california/san-francisco/restaurant/sons-daughters,1,1
35,35,Mister Jiu's,2019,37.79371,-122.406654,San Francisco,California,94108,Chinese,$$$,https://guide.michelin.com/us/en/california/san-francisco/restaurant/mister-jius,1,1
36,36,Nico,2019,37.795803,-122.40333,San Francisco,California,94101,Contemporary,$$$,https://guide.michelin.com/us/en/california/san-francisco/restaurant/nico,1,1
37,37,jū-ni,2019,37.77672,-122.43886,San Francisco,California,94117,Japanese,$$$$,https://guide.michelin.com/us/en/california/san-francisco/restaurant/ju-ni,1,1
38,38,Keiko à Nob Hill,2019,37.793106,-122.41445,San Francisco,California,94109,Fusion,$$$$,https://guide.michelin.com/us/en/california/san-francisco/restaurant/keiko-a-nob-hill,1,1
39,39,The Progress,2019,37.78371,-122.43282,San Francisco,California,94115,Californian,$$$,https://guide.michelin.com/us/en/california/san-francisco/restaurant/the-progress,1,1
40,40,State Bird Provisions,2019,37.783737,-122.43283,San Francisco,California,94115,American,$$,https://guide.michelin.com/us/en/california/san-francisco/restaurant/state-bird-provisions,1,1
41,41,Octavia,2019,37.787857,-122.42709,San Francisco,California,94109,Californian,$$$,https://guide.michelin.com/us/en/california/san-francisco/restaurant/octavia,1,1
42,42,SPQR,2019,37.78732,-122.43375,San Francisco,California,94115,Italian,$$$,https://guide.michelin.com/us/en/california/san-francisco/restaurant/spqr,1,1
43,43,Lord Stanley,2019,37.79592,-122.42208,San Francisco,California,94109,Californian,$$$,https://guide.michelin.com/us/en/california/san-francisco/restaurant/lord-stanley,1,1
44,44,Kinjo,2019,37.79699,-122.422005,San Francisco,California,94109,Japanese,$$$$,https://guide.michelin.com/us/en/california/san-francisco/restaurant/kinjo,1,1
45,45,Sorrel,2019,37.788334,-122.44614,San Francisco,California,94101,Californian,$$$,https://guide.michelin.com/us/en/california/san-francisco/restaurant/sorrel,1,1
46,46,Gary Danko,2019,37.80599,-122.42066,San Francisco,California,94109,Contemporary,$$$$,https://guide.michelin.com/us/en/california/san-francisco/restaurant/gary-danko,1,1
47,47,Bar Crenn,2019,37.798435,-122.43581,San Francisco,California,94101,French,$$$,https://guide.michelin.com/us/en/california/san-francisco/restaurant/bar-crenn,1,1
48,48,Spruce,2019,37.78772,-122.45264,San Francisco,California,94118,Californian,$$$,https://guide.michelin.com/us/en/california/san-francisco/restaurant/spruce,1,1
49,49,Wako,2019,37.783035,-122.461525,San Francisco,California,94118,Japanese,$$$$,https://guide.michelin.com/us/en/california/san-francisco/restaurant/wako,1,1
50,50,Madcap,2019,37.974712,-122.56168,San Francisco,California,94960,Contemporary,$$$$,https://guide.michelin.com/us/en/california/san-francisco/restaurant/madcap,1,1
51,51,Aubergine,2019,36.55406,-121.924355,Monterey,California,93921,Contemporary,$$$$,https://guide.michelin.com/us/en/california/monterey/restaurant/aubergine,1,1
52,52,Kenzo,2019,38.29924,-122.28928,San Francisco,California,94559,Japanese,$$$$,https://guide.michelin.com/us/en/california/san-francisco/restaurant/kenzo,1,1
53,53,La Toque,2019,38.30351,-122.28349,San Francisco,California,94573,Contemporary,$$$$,https://guide.michelin.com/us/en/california/san-francisco/restaurant/la-toque,1,1
54,54,Bouchon,2019,38.40258,-122.3619,San Francisco,California,94599,French,$$$,https://guide.michelin.com/us/en/california/san-francisco/restaurant/bouchon,1,1
55,55,Auberge du Soleil,2019,38.49199,-122.40534,San Francisco,California,94573,Californian,$$$$,https://guide.michelin.com/us/en/california/san-francisco/restaurant/auberge-du-soleil,1,1
56,56,Farmhouse Inn & Restaurant,2019,38.49039,-122.8835,San Francisco,California,95436,Californian,$$$$,https://guide.michelin.com/us/en/california/san-francisco/restaurant/farmhouse-inn-restaurant,1,1
57,57,The Kitchen,2019,38.58894,-121.41424,Sacramento,California,95825,Contemporary,$$$$,https://guide.michelin.com/us/en/california/us-sacramento/restaurant/the-kitchen559371,1,1
58,58,Madrona Manor,2019,38.60428,-122.88647,San Francisco,California,95448,Contemporary,$$$$,https://guide.michelin.com/us/en/california/san-francisco/restaurant/madrona-manor,1,1
59,59,Harbor House,2019,39.135876,-123.719444,San Francisco,California,No Zip,Californian,$$$$,https://guide.michelin.com/us/en/california/san-francisco/restaurant/harbor-house,1,1
60,60,Shin Sushi,2019,34.15784,-118.49415,Los Angeles,California,91436,Japanese,$$$,https://guide.michelin.com/us/en/california/us-los-angeles/restaurant/shin-sushi,1,1
61,61,Rustic Canyon,2019,34.024952,-118.49118,Los Angeles,California,90401,Californian,$$$,https://guide.michelin.com/us/en/california/us-los-angeles/restaurant/rustic-canyon,1,1
62,62,Dialogue,2019,34.01679,-118.49748,Los Angeles,California,90401,Contemporary,$$$$,https://guide.michelin.com/us/en/california/us-los-angeles/restaurant/dialogue,1,1
63,63,Kato,2019,34.041683,-118.460915,Los Angeles,California,90025,Asian,$$$,https://guide.michelin.com/us/en/california/us-los-angeles/restaurant/kato,1,1
64,64,CUT,2019,34.067036,-118.401024,Los Angeles,California,90212,Steakhouse,$$$$,https://guide.michelin.com/us/en/california/us-los-angeles/restaurant/cut559418,1,1
65,65,Nozawa Bar,2019,34.0683,-118.39849,Los Angeles,California,90210,Japanese,$$$$,https://guide.michelin.com/us/en/california/us-los-angeles/restaurant/nozawa-bar,1,1
66,66,Shunji,2019,34.028496,-118.45195,Los Angeles,California,90064,Japanese,$$$$,https://guide.michelin.com/us/en/california/us-los-angeles/restaurant/shunji,1,1
67,67,Maude,2019,34.064346,-118.39904,Los Angeles,California,90212,Contemporary,$$$$,https://guide.michelin.com/us/en/california/us-los-angeles/restaurant/maude,1,1
68,68,Mori Sushi,2019,34.033398,-118.44229,Los Angeles,California,90064,Japanese,$$$$,https://guide.michelin.com/us/en/california/us-los-angeles/restaurant/mori-sushi,1,1
69,69,Trois Mec,2019,34.084255,-118.33851,Los Angeles,California,90028,Contemporary,$$$$,https://guide.michelin.com/us/en/california/us-los-angeles/restaurant/trois-mec,1,1
70,70,Osteria Mozza,2019,34.08342,-118.338974,Los Angeles,California,90028,Italian,$$$,https://guide.michelin.com/us/en/california/us-los-angeles/restaurant/osteria-mozza,1,1
71,71,Kali,2019,34.083443,-118.32455,Los Angeles,California,90028,Californian,$$$,https://guide.michelin.com/us/en/california/us-los-angeles/restaurant/kali,1,1
72,72,Le Comptoir,2019,34.06354,-118.30057,Los Angeles,California,90020,Californian,$$$$,https://guide.michelin.com/us/en/california/us-los-angeles/restaurant/le-comptoir,1,1
73,73,Q Sushi,2019,34.046883,-118.255844,Los Angeles,California,90017,Japanese,$$$$,https://guide.michelin.com/us/en/california/us-los-angeles/restaurant/q-sushi,1,1
74,74,Shibumi,2019,34.044155,-118.256134,Los Angeles,California,90014,Japanese,$$$$,https://guide.michelin.com/us/en/california/us-los-angeles/restaurant/shibumi559644,1,1
75,75,Hayato,2019,34.03311,-118.24265,Los Angeles,California,90001,Japanese,$$$$,https://guide.michelin.com/us/en/california/us-los-angeles/restaurant/hayato,1,1
76,76,Bistro Na's,2019,34.104412,-118.07159,Los Angeles,California,91780,Chinese,$$,https://guide.michelin.com/us/en/california/us-los-angeles/restaurant/bistro-na-s,1,1
77,77,Orsa & Winston,2019,33.92145,-118.275406,Los Angeles,California,90013,Fusion,$$$$,https://guide.michelin.com/us/en/california/us-los-angeles/restaurant/orsa-winston,1,1
78,78,Taco María,2019,33.69475,-117.924965,Costa Mesa,California,92626,Mexican,$$$,https://guide.michelin.com/us/en/california/us-costa-mesa/restaurant/taco-maria,1,1
79,79,Hana re,2019,33.67759,-117.886566,Costa Mesa,California,92626,Japanese,$$$$,https://guide.michelin.com/us/en/california/us-costa-mesa/restaurant/hana-re,1,1
80,80,Addison,2019,32.939903,-117.20013,San Diego,California,92130,Contemporary,$$$$,https://guide.michelin.com/us/en/california/us-san-diego/restaurant/addison,1,1
81,81,Parachute,2019,41.94483,-87.70638,Chicago,Chicago,60618,Fusion,$$,https://guide.michelin.com/us/en/illinois/chicago/restaurant/parachute,1,1
82,82,Goosefoot,2019,41.96856,-87.69596,Chicago,Chicago,60625,Contemporary,$$$$,https://guide.michelin.com/us/en/illinois/chicago/restaurant/goosefoot,1,1
83,83,Elizabeth,2019,41.969555,-87.688736,Chicago,Chicago,60625,Contemporary,$$$$,https://guide.michelin.com/us/en/illinois/chicago/restaurant/elizabeth,1,1
84,84,EL Ideas,2019,41.863,-87.68686,Chicago,Chicago,60618,Contemporary,$$$$,https://guide.michelin.com/us/en/illinois/chicago/restaurant/el-ideas,1,1
85,85,Band of Bohemia,2019,41.967308,-87.67477,Chicago,Chicago,60640,Gastropub,$$$,https://guide.michelin.com/us/en/illinois/chicago/restaurant/band-of-bohemia,1,1
86,86,Schwa,2019,41.90888,-87.66792,Chicago,Chicago,60662,Contemporary,$$$$,https://guide.michelin.com/us/en/illinois/chicago/restaurant/schwa,1,1
87,87,Temporis,2019,41.898907,-87.66725,Chicago,Chicago,No Zip,Contemporary,$$$$,https://guide.michelin.com/us/en/illinois/chicago/restaurant/temporis,1,1
88,88,Entente,2019,41.93721,-87.6652,Chicago,Chicago,60657,Contemporary,$$$,https://guide.michelin.com/us/en/illinois/chicago/restaurant/entente,1,1
89,89,Elske,2019,41.884426,-87.66071,Chicago,Chicago,60607,Contemporary,$$$$,https://guide.michelin.com/us/en/illinois/chicago/restaurant/elske,1,1
90,90,Dusek's (Board & Beer),2019,41.857853,-87.65757,Chicago,Chicago,60608,Gastropub,$$,https://guide.michelin.com/us/en/illinois/chicago/restaurant/dusek-s-board-beer,1,1
91,91,Roister,2019,41.886658,-87.65187,Chicago,Chicago,60607,Contemporary,$$$,https://guide.michelin.com/us/en/illinois/chicago/restaurant/roister,1,1
92,92,Boka,2019,41.91363,-87.64806,Chicago,Chicago,60614,Contemporary,$$$,https://guide.michelin.com/us/en/illinois/chicago/restaurant/boka,1,1
93,93,Blackbird,2019,41.88423,-87.64356,Chicago,Chicago,60661,Contemporary,$$$,https://guide.michelin.com/us/en/illinois/chicago/restaurant/blackbird,1,1
94,94,Sepia,2019,41.88394,-87.64247,Chicago,Chicago,60661,American,$$$,https://guide.michelin.com/us/en/illinois/chicago/restaurant/sepia,1,1
95,95,North Pond,2019,41.9296,-87.63762,Chicago,Chicago,60614,Contemporary,$$$,https://guide.michelin.com/us/en/illinois/chicago/restaurant/north-pond,1,1
96,96,Everest,2019,41.87597,-87.63212,Chicago,Chicago,60605,French,$$$$,https://guide.michelin.com/us/en/illinois/chicago/restaurant/everest,1,1
97,97,Topolobampo,2019,41.89047,-87.63085,Chicago,Chicago,60654,Mexican,$$$$,https://guide.michelin.com/us/en/illinois/chicago/restaurant/topolobampo,1,1
98,98,Spiaggia,2019,41.90062,-87.62457,Chicago,Chicago,60611,Italian,$$$$,https://guide.michelin.com/us/en/illinois/chicago/restaurant/spiaggia,1,1
204,204,Del Posto,2019,40.74327,-74.0077,New York,New York City,10011,Italian,$$$$,https://guide.michelin.com/us/en/new-york-state/new-york/restaurant/del-posto,1,1
205,205,Le Grill de Joël Robuchon,2019,40.742897,-74.0077,New York,New York City,No Zip,French,$$$$,https://guide.michelin.com/us/en/new-york-state/new-york/restaurant/le-grill-de-joel-robuchon,1,1
206,206,L'Appart,2019,40.711903,-74.01544,New York,New York City,10281,French,$$$$,https://guide.michelin.com/us/en/new-york-state/new-york/restaurant/l-appart,1,1
207,207,Okuda,2019,40.743793,-74.00633,New York,New York City,No Zip,Japanese,$$$$,https://guide.michelin.com/us/en/new-york-state/new-york/restaurant/okuda,1,1
208,208,Wallsé,2019,40.73538,-74.00814,New York,New York City,10014,Austrian,$$$$,https://guide.michelin.com/us/en/new-york-state/new-york/restaurant/wallse,1,1
209,209,Jeju Noodle Bar,2019,40.732952,-74.00744,New York,New York City,10014,Korean,$$,https://guide.michelin.com/us/en/new-york-state/new-york/restaurant/jeju-noodle-bar,1,1
210,210,Sushi Nakazawa,2019,40.731716,-74.00451,New York,New York City,10014,Japanese,$$$$,https://guide.michelin.com/us/en/new-york-state/new-york/restaurant/sushi-nakazawa,1,1
211,211,Kosaka,2019,40.738316,-74.00137,New York,New York City,10011,Japanese,$$$$,https://guide.michelin.com/us/en/new-york-state/new-york/restaurant/kosaka,1,1
212,212,Bâtard,2019,40.719616,-74.00589,New York,New York City,10013,Contemporary,$$$$,https://guide.michelin.com/us/en/new-york-state/new-york/restaurant/batard,1,1
213,213,Hirohisa,2019,40.72452,-74.003006,New York,New York City,10012,Japanese,$$$,https://guide.michelin.com/us/en/new-york-state/new-york/restaurant/hirohisa,1,1
214,214,Blue Hill,2019,40.7321,-73.9996,New York,New York City,10011,American,$$$$,https://guide.michelin.com/us/en/new-york-state/new-york/restaurant/blue-hill,1,1
215,215,ZZ's Clam Bar,2019,40.727646,-74.00046,New York,New York City,10012,Seafood,$$$$,https://guide.michelin.com/us/en/new-york-state/new-york/restaurant/zz-s-clam-bar,1,1
216,216,Babbo,2019,40.73233,-73.99916,New York,New York City,10011,Italian,$$$$,https://guide.michelin.com/us/en/new-york-state/new-york/restaurant/babbo,1,1
217,217,Carbone,2019,40.727966,-74.00017,New York,New York City,10003,Italian,$$$$,https://guide.michelin.com/us/en/new-york-state/new-york/restaurant/carbone,1,1
218,218,Le Coucou,2019,40.719162,-74.00001,New York,New York City,10013,French,$$$,https://guide.michelin.com/us/en/new-york-state/new-york/restaurant/le-coucou,1,1
219,219,Aldea,2019,40.73885,-73.99366,New York,New York City,10011,Mediterranean,$$$$,https://guide.michelin.com/us/en/new-york-state/new-york/restaurant/aldea,1,1
220,220,Cote,2019,40.73778,-73.99375,New York,New York City,10010,Korean,$$$,https://guide.michelin.com/us/en/new-york-state/new-york/restaurant/cote,1,1
221,221,Bouley at Home,2019,40.74114,-73.99242,New York,New York City,No Zip,Contemporary,$$$,https://guide.michelin.com/us/en/new-york-state/new-york/restaurant/bouley-at-home,1,1
222,222,Gotham Bar and Grill,2019,40.73417,-73.99379,New York,New York City,10003,American,$$$$,https://guide.michelin.com/us/en/new-york-state/new-york/restaurant/gotham-bar-and-grill,1,1
223,223,Nix,2019,40.733166,-73.993515,New York,New York City,10003,Vegetarian,$$$,https://guide.michelin.com/us/en/new-york-state/new-york/restaurant/nix,1,1
224,224,Junoon,2019,40.74325,-73.99077,New York,New York City,10010,Indian,$$$$,https://guide.michelin.com/us/en/new-york-state/new-york/restaurant/junoon,1,1
225,225,NoMad,2019,40.74497,-73.98883,New York,New York City,10001,Contemporary,$$$$,https://guide.michelin.com/us/en/new-york-state/new-york/restaurant/nomad,1,1
226,226,The Musket Room,2019,40.723915,-73.99375,New York,New York City,10012,Contemporary,$$$,https://guide.michelin.com/us/en/new-york-state/new-york/restaurant/the-musket-room,1,1
227,227,Uncle Boons,2019,40.721203,-73.99441,New York,New York City,10012,Thai,$$,https://guide.michelin.com/us/en/new-york-state/new-york/restaurant/uncle-boons,1,1
228,228,Noda,2019,40.74497,-73.988075,New York,New York City,No Zip,Japanese,$$$$,https://guide.michelin.com/us/en/new-york-state/new-york/restaurant/noda,1,1
229,229,Gramercy Tavern,2019,40.73849,-73.98868,New York,New York City,10003,Contemporary,$$$$,https://guide.michelin.com/us/en/new-york-state/new-york/restaurant/gramercy-tavern,1,1
230,230,The Clocktower,2019,40.7414,-73.987595,New York,New York City,10010,Contemporary,$$$,https://guide.michelin.com/us/en/new-york-state/new-york/restaurant/the-clocktower,1,1
231,231,Ai Fiori,2019,40.75013,-73.98357,New York,New York City,10018,Italian,$$$$,https://guide.michelin.com/us/en/new-york-state/new-york/restaurant/ai-fiori,1,1
232,232,Casa Mono,2019,40.73595,-73.98706,New York,New York City,10003,Spanish,$$$,https://guide.michelin.com/us/en/new-york-state/new-york/restaurant/casa-mono,1,1
233,233,Jewel Bako,2019,40.72713,-73.98928,New York,New York City,10003,Japanese,$$$,https://guide.michelin.com/us/en/new-york-state/new-york/restaurant/jewel-bako,1,1
234,234,The River Café,2019,40.703613,-73.994774,New York,New York City,11201,Contemporary,$$$$,https://guide.michelin.com/us/en/new-york-state/new-york/restaurant/the-river-cafe,1,1
235,235,Bar Uchū,2019,40.72191,-73.99003,New York,New York City,10002,Japanese,$$$$,https://guide.michelin.com/us/en/new-york-state/new-york/restaurant/bar-uchu,1,1
236,236,Café China,2019,40.749973,-73.98228,New York,New York City,10016,Chinese,$$,https://guide.michelin.com/us/en/new-york-state/new-york/restaurant/cafe-china,1,1
237,237,Kanoyama,2019,40.73071,-73.98655,New York,New York City,10003,Japanese,$$$,https://guide.michelin.com/us/en/new-york-state/new-york/restaurant/kanoyama,1,1
238,238,Contra,2019,40.719917,-73.98922,New York,New York City,10002,Contemporary,$$$$,https://guide.michelin.com/us/en/new-york-state/new-york/restaurant/contra,1,1
239,239,Atomix,2019,40.744408,-73.98292,New York,New York City,No Zip,Korean,$$$$,https://guide.michelin.com/us/en/new-york-state/new-york/restaurant/atomix,1,1
240,240,Kyo Ya,2019,40.7266,-73.98526,New York,New York City,10009,Japanese,$$$,https://guide.michelin.com/us/en/new-york-state/new-york/restaurant/kyo-ya,1,1
241,241,Kajitsu,2019,40.72776,-73.98428,New York,New York City,10016,Japanese,$$$,https://guide.michelin.com/us/en/new-york-state/new-york/restaurant/kajitsu,1,1
242,242,Agern,2019,40.75234,-73.9775,New York,New York City,10017,Scandinavian,$$$$,https://guide.michelin.com/us/en/new-york-state/new-york/restaurant/agern,1,1
243,243,Caviar Russe,2019,40.760685,-73.97355,New York,New York City,10022,Contemporary,$$$$,https://guide.michelin.com/us/en/new-york-state/new-york/restaurant/caviar-russe,1,1
244,244,Tuome,2019,40.724194,-73.9828,New York,New York City,10009,Fusion,$$,https://guide.michelin.com/us/en/new-york-state/new-york/restaurant/tuome,1,1
245,245,Tempura Matsui,2019,40.74839,-73.97474,New York,New York City,10158,Japanese,$$$$,https://guide.michelin.com/us/en/new-york-state/new-york/restaurant/tempura-matsui,1,1
246,246,Sushi Yasuda,2019,40.75108,-73.97364,New York,New York City,10017,Japanese,$$$$,https://guide.michelin.com/us/en/new-york-state/new-york/restaurant/sushi-yasuda,1,1
247,247,Sushi Amane,2019,40.75133,-73.971725,New York,New York City,10017,Japanese,$$$$,https://guide.michelin.com/us/en/new-york-state/new-york/restaurant/sushi-amane,1,1
248,248,Café Boulud,2019,40.77439,-73.96414,New York,New York City,10021,French,$$$$,https://guide.michelin.com/us/en/new-york-state/new-york/restaurant/cafe-boulud,1,1
249,249,Claro,2019,40.677395,-73.98615,New York,New York City,No Zip,Mexican,$$,https://guide.michelin.com/us/en/new-york-state/new-york/restaurant/claro,1,1
250,250,Satsuki,2019,40.801243,-73.95187,New York,New York City,10036,Japanese,$$$$,https://guide.michelin.com/us/en/new-york-state/new-york/restaurant/satsuki,1,1
251,251,Sushi Noz,2019,40.77384,-73.958275,New York,New York City,No Zip,Japanese,$$$$,https://guide.michelin.com/us/en/new-york-state/new-york/restaurant/sushi-noz,1,1
252,252,Sushi Inoue,2019,40.810448,-73.943726,New York,New York City,10027,Japanese,$$$$,https://guide.michelin.com/us/en/new-york-state/new-york/restaurant/sushi-inoue,1,1
253,253,Meadowsweet,2019,40.710354,-73.96317,New York,New York City,11212,Mediterranean,$$$,https://guide.michelin.com/us/en/new-york-state/new-york/restaurant/meadowsweet,1,1
254,254,Casa Enríque,2019,40.743492,-73.95425,New York,New York City,11101,Mexican,$$,https://guide.michelin.com/us/en/new-york-state/new-york/restaurant/casa-enrique,1,1
255,255,Peter Luger,2019,40.70986,-73.96263,New York,New York City,11211,Steakhouse,$$$$,https://guide.michelin.com/us/en/new-york-state/new-york/restaurant/peter-luger,1,1
256,256,Oxomoco,2019,40.730057,-73.95538,New York,New York City,11222,Mexican,$$$,https://guide.michelin.com/us/en/new-york-state/new-york/restaurant/oxomoco,1,1
257,257,The Finch,2019,40.68704,-73.96297,New York,New York City,11238,American,$$$,https://guide.michelin.com/us/en/new-york-state/new-york/restaurant/the-finch,1,1
258,258,Faro,2019,40.707584,-73.923035,New York,New York City,11237,American,$$,https://guide.michelin.com/us/en/new-york-state/new-york/restaurant/faro,1,1
398,398,Blue Duck Tavern,2019,38.905373,-77.05128,"Washington, D.C.",Washington DC,20037,American,$$$,https://guide.michelin.com/us/en/washington/washington-dc/restaurant/blue-duck-tavern,1,1
399,399,Tail Up Goat,2019,38.9235,-77.043274,"Washington, D.C.",Washington DC,20009,Contemporary,$$,https://guide.michelin.com/us/en/washington/washington-dc/restaurant/tail-up-goat,1,1
400,400,Komi,2019,38.910107,-77.03836,"Washington, D.C.",Washington DC,20036,Mediterranean,$$$$,https://guide.michelin.com/us/en/washington/washington-dc/restaurant/komi,1,1
401,401,Sushi Taro,2019,38.909992,-77.03834,"Washington, D.C.",Washington DC,20036,Japanese,$$$$,https://guide.michelin.com/us/en/washington/washington-dc/restaurant/sushi-taro,1,1
402,402,Plume,2019,38.906,-77.03671,"Washington, D.C.",Washington DC,20036,European,$$$$,https://guide.michelin.com/us/en/washington/washington-dc/restaurant/plume,1,1
403,403,Siren by RW,2019,38.907776,-77.035446,"Washington, D.C.",Washington DC,20005,Seafood,$$$,https://guide.michelin.com/us/en/washington/washington-dc/restaurant/siren-by-rw,1,1
404,404,Bresca,2019,38.91584,-77.0321,"Washington, D.C.",Washington DC,20000,Contemporary,$$,https://guide.michelin.com/us/en/washington/washington-dc/restaurant/bresca,1,1
405,405,The Dabney,2019,38.906292,-77.024666,"Washington, D.C.",Washington DC,20001,American,$$,https://guide.michelin.com/us/en/washington/washington-dc/restaurant/the-dabney,1,1
406,406,Métier,2019,38.903503,-77.0218,"Washington, D.C.",Washington DC,20001,Contemporary,$$$$,https://guide.michelin.com/us/en/washington/washington-dc/restaurant/metier,1,1
407,407,Kinship,2019,38.903282,-77.0218,"Washington, D.C.",Washington DC,20001,Contemporary,$$$,https://guide.michelin.com/us/en/washington/washington-dc/restaurant/kinship,1,1
408,408,Fiola,2019,38.89416,-77.02032,"Washington, D.C.",Washington DC,20004,Italian,$$$$,https://guide.michelin.com/us/en/washington/washington-dc/restaurant/fiola,1,1
409,409,Masseria,2019,38.909504,-76.99908,"Washington, D.C.",Washington DC,20002,Italian,$$$,https://guide.michelin.com/us/en/washington/washington-dc/restaurant/masseria,1,1
410,410,Rose's Luxury,2019,38.88064,-76.99515,"Washington, D.C.",Washington DC,20003,Contemporary,$$,https://guide.michelin.com/us/en/washington/washington-dc/restaurant/rose-s-luxury,1,1
555,6,Baumé,2019,37.4285,-122.14272,South San Francisco,California,94306,Contemporary,$$$$,https://guide.michelin.com/us/en/california/south-san-francisco/restaurant/baume,2,9
556,7,Commis,2019,37.82476,-122.25505,San Francisco,California,94601,Contemporary,$$$$,https://guide.michelin.com/us/en/california/san-francisco/restaurant/commis,2,9
557,8,Californios,2019,37.75555,-122.417145,San Francisco,California,94110,Mexican,$$$$,https://guide.michelin.com/us/en/california/san-francisco/restaurant/californios,2,9
558,9,Lazy Bear,2019,37.760204,-122.41969,San Francisco,California,94110,Contemporary,$$$$,https://guide.michelin.com/us/en/california/san-francisco/restaurant/lazy-bear,2,9
559,10,Saison,2019,37.76327,-122.41543,San Francisco,California,94107,Californian,$$$$,https://guide.michelin.com/us/en/california/san-francisco/restaurant/saison,2,9
560,11,Campton Place,2019,37.78923,-122.40665,San Francisco,California,94108,Indian,$$$$,https://guide.michelin.com/us/en/california/san-francisco/restaurant/campton-place,2,9
561,12,Coi,2019,37.79812,-122.40331,San Francisco,California,94133,Contemporary,$$$$,https://guide.michelin.com/us/en/california/san-francisco/restaurant/coi,2,9
562,13,Acquerello,2019,37.79167,-122.42131,San Francisco,California,94109,Italian,$$$$,https://guide.michelin.com/us/en/california/san-francisco/restaurant/acquerello,2,9
563,14,Urasawa,2019,34.067352,-118.40067,Los Angeles,California,90210,Japanese,$$$$,https://guide.michelin.com/us/en/california/us-los-angeles/restaurant/urasawa,2,9
564,15,Sushi Ginza Onodera,2019,34.08238,-118.37654,Los Angeles,California,No Zip,Japanese,$$$$,https://guide.michelin.com/us/en/california/us-los-angeles/restaurant/sushi-ginza-onodera559850,2,9
565,16,Somni,2019,34.070095,-118.37649,Los Angeles,California,90048,Contemporary,$$$$,https://guide.michelin.com/us/en/california/us-los-angeles/restaurant/somni,2,9
566,17,Providence,2019,34.083523,-118.33019,Los Angeles,California,90028,Seafood,$$$$,https://guide.michelin.com/us/en/california/us-los-angeles/restaurant/providence,2,9
567,18,n/naka,2019,34.02526,-118.41206,Los Angeles,California,90034,Contemporary,$$$$,https://guide.michelin.com/us/en/california/us-los-angeles/restaurant/n-naka,2,9
568,19,Vespertine,2019,34.024204,-118.38166,Los Angeles,California,90232,Contemporary,$$$$,https://guide.michelin.com/us/en/california/us-los-angeles/restaurant/vespertine,2,9
569,20,Smyth,2019,41.885,-87.660736,Chicago,Chicago,60607,Contemporary,$$$$,https://guide.michelin.com/us/en/illinois/chicago/restaurant/smyth,2,9
570,21,Oriole,2019,41.886196,-87.64513,Chicago,Chicago,60661,Contemporary,$$$$,https://guide.michelin.com/us/en/illinois/chicago/restaurant/oriole,2,9
571,22,Acadia,2019,41.85904,-87.62562,Chicago,Chicago,60616,Contemporary,$$$$,https://guide.michelin.com/us/en/illinois/chicago/restaurant/acadia,2,9
596,47,L'Atelier de Joël Robuchon,2019,40.742905,-74.00769,New York,New York City,No Zip,French,$$$$,https://guide.michelin.com/us/en/new-york-state/new-york/restaurant/l-atelier-de-joel-robuchon562505,2,9
597,48,Jungsik,2019,40.718685,-74.00911,New York,New York City,10013,Korean,$$$$,https://guide.michelin.com/us/en/new-york-state/new-york/restaurant/jungsik,2,9
598,49,Atera,2019,40.716797,-74.00565,New York,New York City,10013,Contemporary,$$$$,https://guide.michelin.com/us/en/new-york-state/new-york/restaurant/atera,2,9
599,50,Jean-Georges,2019,40.76907,-73.98155,New York,New York City,10023,Contemporary,$$$$,https://guide.michelin.com/us/en/new-york-state/new-york/restaurant/jean-georges,2,9
600,51,Marea,2019,40.76749,-73.98114,New York,New York City,10019,Seafood,$$$$,https://guide.michelin.com/us/en/new-york-state/new-york/restaurant/marea,2,9
601,52,Gabriel Kreuther,2019,40.75397,-73.982025,New York,New York City,10036,Contemporary,$$$$,https://guide.michelin.com/us/en/new-york-state/new-york/restaurant/gabriel-kreuther,2,9
602,53,Ichimura at Uchū,2019,40.721832,-73.99012,New York,New York City,10002,Japanese,$$$$,https://guide.michelin.com/us/en/new-york-state/new-york/restaurant/ichimura-at-uchu,2,9
603,54,Sushi Ginza Onodera,2019,40.752396,-73.981575,New York,New York City,10017,Japanese,$$$$,https://guide.michelin.com/us/en/new-york-state/new-york/restaurant/sushi-ginza-onodera,2,9
604,55,Ko,2019,40.72909,-73.98448,New York,New York City,10003,Contemporary,$$$$,https://guide.michelin.com/us/en/new-york-state/new-york/restaurant/ko,2,9
605,56,The Modern,2019,40.76106,-73.97628,New York,New York City,10019,Contemporary,$$$$,https://guide.michelin.com/us/en/new-york-state/new-york/restaurant/the-modern,2,9
606,57,Aquavit,2019,40.76078,-73.97214,New York,New York City,10022,Scandinavian,$$$$,https://guide.michelin.com/us/en/new-york-state/new-york/restaurant/aquavit,2,9
607,58,Daniel,2019,40.7666,-73.96745,New York,New York City,10065,French,$$$$,https://guide.michelin.com/us/en/new-york-state/new-york/restaurant/daniel,2,9
608,59,Aska,2019,40.71222,-73.96642,New York,New York City,11249,Scandinavian,$$$$,https://guide.michelin.com/us/en/new-york-state/new-york/restaurant/aska,2,9
609,60,Blanca,2019,40.70492,-73.93354,New York,New York City,11206,Contemporary,$$$$,https://guide.michelin.com/us/en/new-york-state/new-york/restaurant/blanca,2,9
638,89,minibar,2019,38.896294,-77.02386,"Washington, D.C.",Washington DC,20004,Contemporary,$$$$,https://guide.michelin.com/us/en/washington/washington-dc/restaurant/minibar,2,9
639,90,Pineapple and Pearls,2019,38.880707,-76.99514,"Washington, D.C.",Washington DC,20003,Contemporary,$$$$,https://guide.michelin.com/us/en/washington/washington-dc/restaurant/pineapple-and-pearls,2,9
660,1,Manresa,2019,37.22761,-121.98071,South San Francisco,California,95030,Contemporary,$$$$,https://guide.michelin.com/us/en/california/south-san-francisco/restaurant/manresa,3,9
661,2,Benu,2019,37.78521,-122.39876,San Francisco,California,94105,Asian,$$$$,https://guide.michelin.com/us/en/california/san-francisco/restaurant/benu,3,9
662,3,Quince,2019,37.79762,-122.40337,San Francisco,California,94133,Contemporary,$$$$,https://guide.michelin.com/us/en/california/san-francisco/restaurant/quince,3,9
663,4,Atelier Crenn,2019,37.79835,-122.43586,San Francisco,California,94123,Contemporary,$$$$,https://guide.michelin.com/us/en/california/san-francisco/restaurant/atelier-crenn,3,9
664,5,The French Laundry,2019,38.40443,-122.36474,San Francisco,California,94599,Contemporary,$$$$,https://guide.michelin.com/us/en/california/san-francisco/restaurant/the-french-laundry,3,9
665,6,The Restaurant at Meadowood,2019,38.52025,-122.46479,San Francisco,California,94574,Contemporary,$$$$,https://guide.michelin.com/us/en/california/san-francisco/restaurant/the-restaurant-at-meadowood,3,9
666,7,SingleThread,2019,38.612164,-122.869705,San Francisco,California,95448,Contemporary,$$$$,https://guide.michelin.com/us/en/california/san-francisco/restaurant/singlethread,3,9
667,8,Alinea,2019,41.91328,-87.64798,Chicago,Chicago,60614,Contemporary,$$$$,https://guide.michelin.com/us/en/illinois/chicago/restaurant/alinea,3,9
680,21,Masa,2019,40.76855,-73.98335,New York,New York City,10019,Japanese,$$$$,https://guide.michelin.com/us/en/new-york-state/new-york/restaurant/masa,3,9
681,22,Per Se,2019,40.76828,-73.98292,New York,New York City,10019,Contemporary,$$$$,https://guide.michelin.com/us/en/new-york-state/new-york/restaurant/per-se,3,9
682,23,Le Bernardin,2019,40.76177,-73.98223,New York,New York City,10019,Seafood,$$$$,https://guide.michelin.com/us/en/new-york-state/new-york/restaurant/le-bernardin,3,9
683,24,Eleven Madison Park,2019,40.7417,-73.98712,New York,New York City,10010,Contemporary,$$$$,https://guide.michelin.com/us/en/new-york-state/new-york/restaurant/eleven-madison-park,3,9
684,25,Chef's Table at Brooklyn Fare,2019,40.68872,-73.98581,New York,New York City,10018,Contemporary,$$$$,https://guide.michelin.com/us/en/new-york-state/new-york/restaurant/chef-s-table-at-brooklyn-fare,3,9
689,30,The Inn at Little Washington,2019,38.713623,-78.16208,"Washington, D.C.",Washington DC,22747,American,$$$$,https://guide.michelin.com/us/en/washington/washington-dc/restaurant/the-inn-at-little-washington,3,9
michelin_star_count,1,1,1,1.0,1.0,1,1,1,1,1,1,1,1
